<?xml version="1.0" encoding="UTF-8"?><!DOCTYPE mapper PUBLIC "-//mybatis.org/DTD Mapper 3.0//EN" "http://mybatis.org/dtd/mybatis-3-mapper.dtd" >
<mapper namespace="com.example.mybatis.mapper.UserMapper">
    <select id="find"  resultType="com.example.mybatis.entity.User">
        SELECT ID,USERNAME,PASSWORD,AGE FROM USER limit 0,50
    </select>
    <select id="getTravel"  resultType="com.example.mybatis.entity.Travel">
        SELECT location,note,isTravel from travel where isTravel = 1
    </select>

    <insert id="insert"  parameterType="com.example.mybatis.entity.Travel" >
        insert into Travel(location,note,isTravel)
            values
            (
             #{location},
             #{note},
             #{isTravel}
            )
    </insert>

    <select id="getTravelOne"  parameterType="String" resultType="com.example.mybatis.entity.Travel">
        SELECT location,note,isTravel from travel where location = #{name}
    </select>

</mapper>